Workbook

Sheet images
A1: Link type | B1: Is nofollow | C1: Source URL | D1: Source HTTP status code | E1: Target URL | F1: Target HTTP status code | G1: Target no-crawl reason | H1: Image type | I1: Alt attribute | J1: Alt attribute patch content | K1: Alt attribute patch status | L1: Is source canonical | M1: Is source noindex | N1: Is target canonical | O1: Is target noindex | P1: Is link self-referencing | Q1: Target URL type | R1: Is source internal
A2: Image | B2: FALSE | C2: https://plumplumbers.com/contact-us/ | D2: 200 | E2: https://plumplumbers.com/wp-content/uploads/2023/04/ou-meul-bakkery.png | F2: 200 | H2: Content | I2: client | L2: TRUE | M2: FALSE | N2: TRUE | O2: FALSE | P2: FALSE | Q2: Resource Image Resource | R2: TRUE
A3: Image | B3: FALSE | C3: https://plumplumbers.com/project/thomas-house/ | D3: 200 | E3: https://plumplumbers.com/wp-content/uploads/2023/04/ou-meul-bakkery.png | F3: 200 | H3: Content | I3: client | L3: TRUE | M3: FALSE | N3: TRUE | O3: FALSE | P3: FALSE | Q3: Resource Image Resource | R3: TRUE
A4: Image | B4: FALSE | C4: https://plumplumbers.com/about-us/ | D4: 200 | E4: https://plumplumbers.com/wp-content/uploads/2023/04/the-renuvators.png | F4: 200 | H4: Content | I4: client | L4: TRUE | M4: FALSE | N4: TRUE | O4: FALSE | P4: FALSE | Q4: Resource Image Resource | R4: TRUE
A5: Image | B5: FALSE | C5: https://plumplumbers.com/about-us/ | D5: 200 | E5: https://plumplumbers.com/wp-content/uploads/2023/04/hartcon.png | F5: 200 | H5: Content | I5: client | L5: TRUE | M5: FALSE | N5: TRUE | O5: FALSE | P5: FALSE | Q5: Resource Image Resource | R5: TRUE
A6: Image | B6: FALSE | C6: https://plumplumbers.com/about-us/ | D6: 200 | E6: https://plumplumbers.com/wp-content/uploads/2023/04/firemans-arms.png | F6: 200 | H6: Content | I6: client | L6: TRUE | M6: FALSE | N6: TRUE | O6: FALSE | P6: FALSE | Q6: Resource Image Resource | R6: TRUE
A7: Image | B7: FALSE | C7: https://plumplumbers.com/plum-plumbers-projects/ | D7: 200 | E7: https://plumplumbers.com/wp-content/uploads/2023/04/glen-3-1024x704.jpg | F7: 200 | H7: Content | L7: TRUE | M7: FALSE | N7: TRUE | O7: FALSE | P7: FALSE | Q7: Resource Image Resource | R7: TRUE
A8: Image | B8: FALSE | C8: https://plumplumbers.com/project/thomas-house/ | D8: 200 | E8: https://plumplumbers.com/wp-content/uploads/2023/04/dimensions-tents.png | F8: 200 | H8: Content | I8: client | L8: TRUE | M8: FALSE | N8: TRUE | O8: FALSE | P8: FALSE | Q8: Resource Image Resource | R8: TRUE
A9: Image | B9: FALSE | C9: https://plumplumbers.com/project/basson-house/ | D9: 200 | E9: https://plumplumbers.com/wp-content/uploads/2023/04/open-city.png | F9: 200 | H9: Content | I9: client | L9: TRUE | M9: FALSE | N9: TRUE | O9: FALSE | P9: FALSE | Q9: Resource Image Resource | R9: TRUE
A10: Image | B10: FALSE | C10: https://plumplumbers.com/project/balfour-house/ | D10: 200 | E10: https://plumplumbers.com/wp-content/uploads/2023/04/firemans-arms.png | F10: 200 | H10: Content | I10: client | L10: TRUE | M10: FALSE | N10: TRUE | O10: FALSE | P10: FALSE | Q10: Resource Image Resource | R10: TRUE
A11: Image | B11: FALSE | C11: https://plumplumbers.com/project/glen-house/ | D11: 200 | E11: https://plumplumbers.com/wp-content/uploads/2023/04/open-city.png | F11: 200 | H11: Content | I11: client | L11: TRUE | M11: FALSE | N11: TRUE | O11: FALSE | P11: FALSE | Q11: Resource Image Resource | R11: TRUE
A12: Image | B12: FALSE | C12: https://plumplumbers.com/ | D12: 200 | E12: https://plumplumbers.com/wp-content/uploads/2023/04/glen-3-1024x704.jpg | F12: 200 | H12: Content | L12: TRUE | M12: FALSE | N12: TRUE | O12: FALSE | P12: FALSE | Q12: Resource Image Resource | R12: TRUE
A13: Image | B13: FALSE | C13: https://plumplumbers.com/project/basson-house/ | D13: 200 | E13: https://plumplumbers.com/wp-content/uploads/2023/04/logo-pp.png | F13: 200 | H13: Content | I13: Plum Plumbers | L13: TRUE | M13: FALSE | N13: TRUE | O13: FALSE | P13: FALSE | Q13: Resource Image Resource | R13: TRUE
A14: Image | B14: FALSE | C14: https://plumplumbers.com/project/gardens-apartment/ | D14: 200 | E14: https://plumplumbers.com/wp-content/uploads/2021/11/Gardens-Apartment-Plum-plumbers-1-1024x683.jpg | F14: 200 | H14: Content | L14: TRUE | M14: FALSE | N14: TRUE | O14: FALSE | P14: FALSE | Q14: Resource Image Resource | R14: TRUE
A15: Image | B15: FALSE | C15: https://plumplumbers.com/project/thomas-house/ | D15: 200 | E15: https://plumplumbers.com/wp-content/uploads/2023/04/firemans-arms.png | F15: 200 | H15: Content | I15: client | L15: TRUE | M15: FALSE | N15: TRUE | O15: FALSE | P15: FALSE | Q15: Resource Image Resource | R15: TRUE
A16: Image | B16: FALSE | C16: https://plumplumbers.com/project/basson-house/ | D16: 200 | E16: https://plumplumbers.com/wp-content/uploads/2023/04/hartcon.png | F16: 200 | H16: Content | I16: client | L16: TRUE | M16: FALSE | N16: TRUE | O16: FALSE | P16: FALSE | Q16: Resource Image Resource | R16: TRUE
A17: Image | B17: FALSE | C17: https://plumplumbers.com/project/balfour-house/ | D17: 200 | E17: https://plumplumbers.com/wp-content/uploads/2023/04/ou-meul-bakkery.png | F17: 200 | H17: Content | I17: client | L17: TRUE | M17: FALSE | N17: TRUE | O17: FALSE | P17: FALSE | Q17: Resource Image Resource | R17: TRUE
A18: Image | B18: FALSE | C18: https://plumplumbers.com/project/basson-house/ | D18: 200 | E18: https://plumplumbers.com/wp-content/uploads/2023/04/firemans-arms.png | F18: 200 | H18: Content | I18: client | L18: TRUE | M18: FALSE | N18: TRUE | O18: FALSE | P18: FALSE | Q18: Resource Image Resource | R18: TRUE
A19: Image | B19: FALSE | C19: https://plumplumbers.com/project/glen-house/ | D19: 200 | E19: https://plumplumbers.com/wp-content/uploads/2023/04/seef.png | F19: 200 | H19: Content | I19: client | L19: TRUE | M19: FALSE | N19: TRUE | O19: FALSE | P19: FALSE | Q19: Resource Image Resource | R19: TRUE
A20: Image | B20: FALSE | C20: https://plumplumbers.com/project/basson-house/ | D20: 200 | E20: https://plumplumbers.com/wp-content/uploads/2023/04/ou-meul-bakkery.png | F20: 200 | H20: Content | I20: client | L20: TRUE | M20: FALSE | N20: TRUE | O20: FALSE | P20: FALSE | Q20: Resource Image Resource | R20: TRUE
A21: Image | B21: FALSE | C21: https://plumplumbers.com/project-type/remodel/ | D21: 200 | E21: https://plumplumbers.com/wp-content/uploads/2023/04/hartcon.png | F21: 200 | H21: Content | I21: client | L21: TRUE | M21: FALSE | N21: TRUE | O21: FALSE | P21: FALSE | Q21: Resource Image Resource | R21: TRUE
A22: Image | B22: FALSE | C22: https://plumplumbers.com/project/basson-house/ | D22: 200 | E22: https://plumplumbers.com/wp-content/uploads/2023/04/bootlegger.png | F22: 200 | H22: Content | I22: client | L22: TRUE | M22: FALSE | N22: TRUE | O22: FALSE | P22: FALSE | Q22: Resource Image Resource | R22: TRUE
A23: Image | B23: FALSE | C23: https://plumplumbers.com/about-us/ | D23: 200 | E23: https://plumplumbers.com/wp-content/uploads/2021/11/balfour-2.jpg | F23: 200 | H23: Content | L23: TRUE | M23: FALSE | N23: TRUE | O23: FALSE | P23: FALSE | Q23: Resource Image Resource | R23: TRUE
A24: Image | B24: FALSE | C24: https://plumplumbers.com/project/invermark-house/ | D24: 200 | E24: https://plumplumbers.com/wp-content/uploads/2023/04/pp-retina.png | F24: 200 | H24: Content | I24: Plum Plumbers | L24: TRUE | M24: FALSE | N24: TRUE | O24: FALSE | P24: FALSE | Q24: Resource Image Resource | R24: TRUE
A25: Image | B25: FALSE | C25: https://plumplumbers.com/project/gardens-apartment/ | D25: 200 | E25: https://plumplumbers.com/wp-content/uploads/2023/04/hartcon.png | F25: 200 | H25: Content | I25: client | L25: TRUE | M25: FALSE | N25: TRUE | O25: FALSE | P25: FALSE | Q25: Resource Image Resource | R25: TRUE
A26: Image | B26: FALSE | C26: https://plumplumbers.com/plum-plumbers-projects/ | D26: 200 | E26: https://plumplumbers.com/wp-content/uploads/2021/11/Gardens-Apartment-Plum-plumbers-8-1024x683.jpg | F26: 200 | H26: Content | L26: TRUE | M26: FALSE | N26: TRUE | O26: FALSE | P26: FALSE | Q26: Resource Image Resource | R26: TRUE
A27: Image | B27: FALSE | C27: https://plumplumbers.com/project-type/remodel/ | D27: 200 | E27: https://plumplumbers.com/wp-content/uploads/2023/04/seef.png | F27: 200 | H27: Content | I27: client | L27: TRUE | M27: FALSE | N27: TRUE | O27: FALSE | P27: FALSE | Q27: Resource Image Resource | R27: TRUE
A28: Image | B28: FALSE | C28: https://plumplumbers.com/project/thomas-house/ | D28: 200 | E28: https://plumplumbers.com/wp-content/uploads/2023/04/TH-3-768x1024.jpg | F28: 200 | H28: Content | L28: TRUE | M28: FALSE | N28: TRUE | O28: FALSE | P28: FALSE | Q28: Resource Image Resource | R28: TRUE
A29: Image | B29: FALSE | C29: https://plumplumbers.com/project/gardens-apartment/ | D29: 200 | E29: https://plumplumbers.com/wp-content/uploads/2023/04/ou-meul-bakkery.png | F29: 200 | H29: Content | I29: client | L29: TRUE | M29: FALSE | N29: TRUE | O29: FALSE | P29: FALSE | Q29: Resource Image Resource | R29: TRUE
A30: Image | B30: FALSE | C30: https://plumplumbers.com/project/thomas-house/ | D30: 200 | E30: https://plumplumbers.com/wp-content/uploads/2023/04/hartcon.png | F30: 200 | H30: Content | I30: client | L30: TRUE | M30: FALSE | N30: TRUE | O30: FALSE | P30: FALSE | Q30: Resource Image Resource | R30: TRUE
A31: Image | B31: FALSE | C31: https://plumplumbers.com/about-us/ | D31: 200 | E31: https://plumplumbers.com/wp-content/uploads/2023/04/pp-retina.png | F31: 200 | H31: Content | I31: Plum Plumbers | L31: TRUE | M31: FALSE | N31: TRUE | O31: FALSE | P31: FALSE | Q31: Resource Image Resource | R31: TRUE
A32: Image | B32: FALSE | C32: https://plumplumbers.com/project-type/residential/ | D32: 200 | E32: https://plumplumbers.com/wp-content/uploads/2023/04/ou-meul-bakkery.png | F32: 200 | H32: Content | I32: client | L32: TRUE | M32: FALSE | N32: TRUE | O32: FALSE | P32: FALSE | Q32: Resource Image Resource | R32: TRUE
A33: Image | B33: FALSE | C33: https://plumplumbers.com/project/balfour-house/ | D33: 200 | E33: https://plumplumbers.com/wp-content/uploads/2021/11/balfour-1-1024x680.jpg | F33: 200 | H33: Content | L33: TRUE | M33: FALSE | N33: TRUE | O33: FALSE | P33: FALSE | Q33: Resource Image Resource | R33: TRUE
A34: Image | B34: FALSE | C34: https://plumplumbers.com/project-type/remodel/ | D34: 200 | E34: https://plumplumbers.com/wp-content/uploads/2023/04/Invermark-House-Plum-plumbers-7-600x403.jpg | F34: 200 | H34: Content | L34: TRUE | M34: FALSE | N34: TRUE | O34: FALSE | P34: FALSE | Q34: Resource Image Resource | R34: TRUE
A35: Image | B35: FALSE | C35: https://plumplumbers.com/contact-us/ | D35: 200 | E35: https://source.unsplash.com/featured/1000x1000/daily/?epic | G35: Ignored by settings | H35: Content | L35: TRUE | M35: FALSE | P35: FALSE | R35: TRUE
A36: Image | B36: FALSE | C36: https://plumplumbers.com/project/thomas-house/ | D36: 200 | E36: https://plumplumbers.com/wp-content/uploads/2023/04/logo-pp.png | F36: 200 | H36: Content | I36: Plum Plumbers | L36: TRUE | M36: FALSE | N36: TRUE | O36: FALSE | P36: FALSE | Q36: Resource Image Resource | R36: TRUE
A37: Image | B37: FALSE | C37: https://plumplumbers.com/project/glen-house/ | D37: 200 | E37: https://plumplumbers.com/wp-content/uploads/2023/04/ou-meul-bakkery.png | F37: 200 | H37: Content | I37: client | L37: TRUE | M37: FALSE | N37: TRUE | O37: FALSE | P37: FALSE | Q37: Resource Image Resource | R37: TRUE
A38: Image | B38: FALSE | C38: https://plumplumbers.com/about-us/ | D38: 200 | E38: https://plumplumbers.com/wp-content/uploads/2023/04/ou-meul-bakkery.png | F38: 200 | H38: Content | I38: client | L38: TRUE | M38: FALSE | N38: TRUE | O38: FALSE | P38: FALSE | Q38: Resource Image Resource | R38: TRUE
A39: Image | B39: FALSE | C39: https://plumplumbers.com/project/gardens-apartment/ | D39: 200 | E39: https://plumplumbers.com/wp-content/uploads/2021/11/Gardens-Apartment-Plum-plumbers-2-1024x683.jpg | F39: 200 | H39: Content | L39: TRUE | M39: FALSE | N39: TRUE | O39: FALSE | P39: FALSE | Q39: Resource Image Resource | R39: TRUE
A40: Image | B40: FALSE | C40: https://plumplumbers.com/project-type/residential/ | D40: 200 | E40: https://plumplumbers.com/wp-content/uploads/2021/11/balfour-6-600x403.jpg | F40: 200 | H40: Content | L40: TRUE | M40: FALSE | N40: TRUE | O40: FALSE | P40: FALSE | Q40: Resource Image Resource | R40: TRUE
A41: Image | B41: FALSE | C41: https://plumplumbers.com/project/balfour-house/ | D41: 200 | E41: https://plumplumbers.com/wp-content/uploads/2023/04/logo-pp.png | F41: 200 | H41: Content | I41: Plum Plumbers | L41: TRUE | M41: FALSE | N41: TRUE | O41: FALSE | P41: FALSE | Q41: Resource Image Resource | R41: TRUE
A42: Image | B42: FALSE | C42: https://plumplumbers.com/project/glen-house/ | D42: 200 | E42: https://plumplumbers.com/wp-content/uploads/2023/04/hartcon.png | F42: 200 | H42: Content | I42: client | L42: TRUE | M42: FALSE | N42: TRUE | O42: FALSE | P42: FALSE | Q42: Resource Image Resource | R42: TRUE
A43: Image | B43: FALSE | C43: https://plumplumbers.com/contact-us/ | D43: 200 | E43: https://plumplumbers.com/wp-content/uploads/2023/04/hartcon.png | F43: 200 | H43: Content | I43: client | L43: TRUE | M43: FALSE | N43: TRUE | O43: FALSE | P43: FALSE | Q43: Resource Image Resource | R43: TRUE
A44: Image | B44: FALSE | C44: https://plumplumbers.com/project/balfour-house/ | D44: 200 | E44: https://plumplumbers.com/wp-content/uploads/2023/04/dimensions-tents.png | F44: 200 | H44: Content | I44: client | L44: TRUE | M44: FALSE | N44: TRUE | O44: FALSE | P44: FALSE | Q44: Resource Image Resource | R44: TRUE
A45: Image | B45: FALSE | C45: https://plumplumbers.com/project/lysander-house/ | D45: 200 | E45: https://plumplumbers.com/wp-content/uploads/2023/04/ou-meul-bakkery.png | F45: 200 | H45: Content | I45: client | L45: TRUE | M45: FALSE | N45: TRUE | O45: FALSE | P45: FALSE | Q45: Resource Image Resource | R45: TRUE
A46: Image | B46: FALSE | C46: https://plumplumbers.com/plum-plumbers-projects/ | D46: 200 | E46: https://plumplumbers.com/wp-content/uploads/2023/04/lysander-9-1024x778.jpg | F46: 200 | H46: Content | L46: TRUE | M46: FALSE | N46: TRUE | O46: FALSE | P46: FALSE | Q46: Resource Image Resource | R46: TRUE
A47: Image | B47: FALSE | C47: https://plumplumbers.com/project-type/residential/ | D47: 200 | E47: https://plumplumbers.com/wp-content/uploads/2023/04/Invermark-House-Plum-plumbers-7-600x403.jpg | F47: 200 | H47: Content | L47: TRUE | M47: FALSE | N47: TRUE | O47: FALSE | P47: FALSE | Q47: Resource Image Resource | R47: TRUE
A48: Image | B48: FALSE | C48: https://plumplumbers.com/contact-us/ | D48: 200 | E48: https://plumplumbers.com/wp-content/uploads/2023/04/firemans-arms.png | F48: 200 | H48: Content | I48: client | L48: TRUE | M48: FALSE | N48: TRUE | O48: FALSE | P48: FALSE | Q48: Resource Image Resource | R48: TRUE
A49: Image | B49: FALSE | C49: https://plumplumbers.com/project/basson-house/ | D49: 200 | E49: https://plumplumbers.com/wp-content/uploads/2021/11/Basson-house2-821x1024.jpg | F49: 200 | H49: Content | L49: TRUE | M49: FALSE | N49: TRUE | O49: FALSE | P49: FALSE | Q49: Resource Image Resource | R49: TRUE
A50: Image | B50: FALSE | C50: https://plumplumbers.com/project-type/remodel/ | D50: 200 | E50: https://plumplumbers.com/wp-content/uploads/2023/04/TH-3-600x403.jpg | F50: 200 | H50: Content | L50: TRUE | M50: FALSE | N50: TRUE | O50: FALSE | P50: FALSE | Q50: Resource Image Resource | R50: TRUE
A51: Image | B51: FALSE | C51: https://plumplumbers.com/project-type/residential/ | D51: 200 | E51: https://plumplumbers.com/wp-content/uploads/2023/04/TH-3-600x403.jpg | F51: 200 | H51: Content | L51: TRUE | M51: FALSE | N51: TRUE | O51: FALSE | P51: FALSE | Q51: Resource Image Resource | R51: TRUE
A52: Image | B52: FALSE | C52: https://plumplumbers.com/contact-us/ | D52: 200 | E52: https://plumplumbers.com/wp-content/uploads/2023/04/open-city.png | F52: 200 | H52: Content | I52: client | L52: TRUE | M52: FALSE | N52: TRUE | O52: FALSE | P52: FALSE | Q52: Resource Image Resource | R52: TRUE
A53: Image | B53: FALSE | C53: https://plumplumbers.com/contact-us/ | D53: 200 | E53: https://plumplumbers.com/wp-content/uploads/2023/04/seef.png | F53: 200 | H53: Content | I53: client | L53: TRUE | M53: FALSE | N53: TRUE | O53: FALSE | P53: FALSE | Q53: Resource Image Resource | R53: TRUE
A54: Image | B54: FALSE | C54: https://plumplumbers.com/project/balfour-house/ | D54: 200 | E54: https://plumplumbers.com/wp-content/uploads/2023/04/hartcon.png | F54: 200 | H54: Content | I54: client | L54: TRUE | M54: FALSE | N54: TRUE | O54: FALSE | P54: FALSE | Q54: Resource Image Resource | R54: TRUE
A55: Image | B55: FALSE | C55: https://plumplumbers.com/ | D55: 200 | E55: https://plumplumbers.com/wp-content/uploads/2023/04/pp-retina.png | F55: 200 | H55: Content | I55: Plum Plumbers | L55: TRUE | M55: FALSE | N55: TRUE | O55: FALSE | P55: FALSE | Q55: Resource Image Resource | R55: TRUE
A56: Image | B56: FALSE | C56: https://plumplumbers.com/project/lysander-house/ | D56: 200 | E56: https://plumplumbers.com/wp-content/uploads/2023/04/dimensions-tents.png | F56: 200 | H56: Content | I56: client | L56: TRUE | M56: FALSE | N56: TRUE | O56: FALSE | P56: FALSE | Q56: Resource Image Resource | R56: TRUE
A57: Image | B57: FALSE | C57: https://plumplumbers.com/about-us/ | D57: 200 | E57: https://plumplumbers.com/wp-content/uploads/2023/04/logo-pp.png | F57: 200 | H57: Content | I57: Plum Plumbers | L57: TRUE | M57: FALSE | N57: TRUE | O57: FALSE | P57: FALSE | Q57: Resource Image Resource | R57: TRUE
A58: Image | B58: FALSE | C58: https://plumplumbers.com/project/glen-house/ | D58: 200 | E58: https://plumplumbers.com/wp-content/uploads/2023/04/dimensions-tents.png | F58: 200 | H58: Content | I58: client | L58: TRUE | M58: FALSE | N58: TRUE | O58: FALSE | P58: FALSE | Q58: Resource Image Resource | R58: TRUE
A59: Image | B59: FALSE | C59: https://plumplumbers.com/about-us/ | D59: 200 | E59: https://plumplumbers.com/wp-content/uploads/2021/11/balfour-11-300x225.jpg | F59: 200 | H59: Content | L59: TRUE | M59: FALSE | N59: TRUE | O59: FALSE | P59: FALSE | Q59: Resource Image Resource | R59: TRUE
A60: Image | B60: FALSE | C60: https://plumplumbers.com/project/basson-house/ | D60: 200 | E60: https://plumplumbers.com/wp-content/uploads/2023/04/pp-retina.png | F60: 200 | H60: Content | I60: Plum Plumbers | L60: TRUE | M60: FALSE | N60: TRUE | O60: FALSE | P60: FALSE | Q60: Resource Image Resource | R60: TRUE
A61: Image | B61: FALSE | C61: https://plumplumbers.com/project/glen-house/ | D61: 200 | E61: https://plumplumbers.com/wp-content/uploads/2023/04/bootlegger.png | F61: 200 | H61: Content | I61: client | L61: TRUE | M61: FALSE | N61: TRUE | O61: FALSE | P61: FALSE | Q61: Resource Image Resource | R61: TRUE
A62: Image | B62: FALSE | C62: https://plumplumbers.com/project-type/residential/ | D62: 200 | E62: https://plumplumbers.com/wp-content/uploads/2023/04/logo-pp.png | F62: 200 | H62: Content | I62: Plum Plumbers | L62: TRUE | M62: FALSE | N62: TRUE | O62: FALSE | P62: FALSE | Q62: Resource Image Resource | R62: TRUE
A63: Image | B63: FALSE | C63: https://plumplumbers.com/project-type/residential/ | D63: 200 | E63: https://plumplumbers.com/wp-content/uploads/2023/04/lysander-9-600x403.jpg | F63: 200 | H63: Content | L63: TRUE | M63: FALSE | N63: TRUE | O63: FALSE | P63: FALSE | Q63: Resource Image Resource | R63: TRUE
A64: Image | B64: FALSE | C64: https://plumplumbers.com/project/invermark-house/ | D64: 200 | E64: https://plumplumbers.com/wp-content/uploads/2023/04/logo-pp.png | F64: 200 | H64: Content | I64: Plum Plumbers | L64: TRUE | M64: FALSE | N64: TRUE | O64: FALSE | P64: FALSE | Q64: Resource Image Resource | R64: TRUE
A65: Image | B65: FALSE | C65: https://plumplumbers.com/about-us/ | D65: 200 | E65: https://plumplumbers.com/wp-content/uploads/2023/04/seef.png | F65: 200 | H65: Content | I65: client | L65: TRUE | M65: FALSE | N65: TRUE | O65: FALSE | P65: FALSE | Q65: Resource Image Resource | R65: TRUE
A66: Image | B66: FALSE | C66: https://plumplumbers.com/project-type/remodel/ | D66: 200 | E66: https://plumplumbers.com/wp-content/uploads/2023/04/firemans-arms.png | F66: 200 | H66: Content | I66: client | L66: TRUE | M66: FALSE | N66: TRUE | O66: FALSE | P66: FALSE | Q66: Resource Image Resource | R66: TRUE
A67: Image | B67: FALSE | C67: https://plumplumbers.com/plum-plumbers-projects/ | D67: 200 | E67: https://plumplumbers.com/wp-content/uploads/2023/04/TH-3-768x1024.jpg | F67: 200 | H67: Content | L67: TRUE | M67: FALSE | N67: TRUE | O67: FALSE | P67: FALSE | Q67: Resource Image Resource | R67: TRUE
A68: Image | B68: FALSE | C68: https://plumplumbers.com/project/balfour-house/ | D68: 200 | E68: https://plumplumbers.com/wp-content/uploads/2023/04/seef.png | F68: 200 | H68: Content | I68: client | L68: TRUE | M68: FALSE | N68: TRUE | O68: FALSE | P68: FALSE | Q68: Resource Image Resource | R68: TRUE
A69: Image | B69: FALSE | C69: https://plumplumbers.com/ | D69: 200 | E69: https://plumplumbers.com/wp-content/uploads/2023/04/balfour-bathroom-before.jpg | F69: 200 | H69: Content | L69: TRUE | M69: FALSE | N69: TRUE | O69: FALSE | P69: FALSE | Q69: Resource Image Resource | R69: TRUE
A70: Image | B70: FALSE | C70: https://plumplumbers.com/project-type/residential/ | D70: 200 | E70: https://plumplumbers.com/wp-content/uploads/2023/04/open-city.png | F70: 200 | H70: Content | I70: client | L70: TRUE | M70: FALSE | N70: TRUE | O70: FALSE | P70: FALSE | Q70: Resource Image Resource | R70: TRUE
A71: Image | B71: FALSE | C71: https://plumplumbers.com/project/gardens-apartment/ | D71: 200 | E71: https://plumplumbers.com/wp-content/uploads/2023/04/seef.png | F71: 200 | H71: Content | I71: client | L71: TRUE | M71: FALSE | N71: TRUE | O71: FALSE | P71: FALSE | Q71: Resource Image Resource | R71: TRUE
A72: Image | B72: FALSE | C72: https://plumplumbers.com/project/lysander-house/ | D72: 200 | E72: https://plumplumbers.com/wp-content/uploads/2023/04/hartcon.png | F72: 200 | H72: Content | I72: client | L72: TRUE | M72: FALSE | N72: TRUE | O72: FALSE | P72: FALSE | Q72: Resource Image Resource | R72: TRUE
A73: Image | B73: FALSE | C73: https://plumplumbers.com/project/glen-house/ | D73: 200 | E73: https://plumplumbers.com/wp-content/uploads/2023/04/glen-1-1024x644.jpg | F73: 200 | H73: Content | L73: TRUE | M73: FALSE | N73: TRUE | O73: FALSE | P73: FALSE | Q73: Resource Image Resource | R73: TRUE
A74: Image | B74: FALSE | C74: https://plumplumbers.com/ | D74: 200 | E74: https://plumplumbers.com/wp-content/uploads/2023/04/logo-pp.png | F74: 200 | H74: Content | I74: Plum Plumbers | L74: TRUE | M74: FALSE | N74: TRUE | O74: FALSE | P74: FALSE | Q74: Resource Image Resource | R74: TRUE
A75: Image | B75: FALSE | C75: https://plumplumbers.com/plum-plumbers-projects/ | D75: 200 | E75: https://plumplumbers.com/wp-content/uploads/2021/11/Basson-house1-1024x684.jpg | F75: 200 | H75: Content | L75: TRUE | M75: FALSE | N75: TRUE | O75: FALSE | P75: FALSE | Q75: Resource Image Resource | R75: TRUE
A76: Image | B76: FALSE | C76: https://plumplumbers.com/project/lysander-house/ | D76: 200 | E76: https://plumplumbers.com/wp-content/uploads/2023/04/bootlegger.png | F76: 200 | H76: Content | I76: client | L76: TRUE | M76: FALSE | N76: TRUE | O76: FALSE | P76: FALSE | Q76: Resource Image Resource | R76: TRUE
A77: Image | B77: FALSE | C77: https://plumplumbers.com/project/basson-house/ | D77: 200 | E77: https://plumplumbers.com/wp-content/uploads/2023/04/seef.png | F77: 200 | H77: Content | I77: client | L77: TRUE | M77: FALSE | N77: TRUE | O77: FALSE | P77: FALSE | Q77: Resource Image Resource | R77: TRUE
A78: Image | B78: FALSE | C78: https://plumplumbers.com/project/thomas-house/ | D78: 200 | E78: https://plumplumbers.com/wp-content/uploads/2023/04/bootlegger.png | F78: 200 | H78: Content | I78: client | L78: TRUE | M78: FALSE | N78: TRUE | O78: FALSE | P78: FALSE | Q78: Resource Image Resource | R78: TRUE
A79: Image | B79: FALSE | C79: https://plumplumbers.com/project/basson-house/ | D79: 200 | E79: https://plumplumbers.com/wp-content/uploads/2021/11/Basson-house1-1024x684.jpg | F79: 200 | H79: Content | L79: TRUE | M79: FALSE | N79: TRUE | O79: FALSE | P79: FALSE | Q79: Resource Image Resource | R79: TRUE
A80: Image | B80: FALSE | C80: https://plumplumbers.com/project/thomas-house/ | D80: 200 | E80: https://plumplumbers.com/wp-content/uploads/2023/04/seef.png | F80: 200 | H80: Content | I80: client | L80: TRUE | M80: FALSE | N80: TRUE | O80: FALSE | P80: FALSE | Q80: Resource Image Resource | R80: TRUE
A81: Image | B81: FALSE | C81: https://plumplumbers.com/plum-plumbers-projects/ | D81: 200 | E81: https://plumplumbers.com/wp-content/uploads/2023/04/pp-retina.png | F81: 200 | H81: Content | I81: Plum Plumbers | L81: TRUE | M81: FALSE | N81: TRUE | O81: FALSE | P81: FALSE | Q81: Resource Image Resource | R81: TRUE
A82: Image | B82: FALSE | C82: https://plumplumbers.com/project-type/remodel/ | D82: 200 | E82: https://plumplumbers.com/wp-content/uploads/2023/04/the-renuvators.png | F82: 200 | H82: Content | I82: client | L82: TRUE | M82: FALSE | N82: TRUE | O82: FALSE | P82: FALSE | Q82: Resource Image Resource | R82: TRUE
A83: Image | B83: FALSE | C83: https://plumplumbers.com/contact-us/ | D83: 200 | E83: https://plumplumbers.com/wp-content/uploads/2023/04/bootlegger.png | F83: 200 | H83: Content | I83: client | L83: TRUE | M83: FALSE | N83: TRUE | O83: FALSE | P83: FALSE | Q83: Resource Image Resource | R83: TRUE
A84: Image | B84: FALSE | C84: https://plumplumbers.com/project-type/residential/ | D84: 200 | E84: https://plumplumbers.com/wp-content/uploads/2023/04/hartcon.png | F84: 200 | H84: Content | I84: client | L84: TRUE | M84: FALSE | N84: TRUE | O84: FALSE | P84: FALSE | Q84: Resource Image Resource | R84: TRUE
A85: Image | B85: FALSE | C85: https://plumplumbers.com/project/gardens-apartment/ | D85: 200 | E85: https://plumplumbers.com/wp-content/uploads/2023/04/pp-retina.png | F85: 200 | H85: Content | I85: Plum Plumbers | L85: TRUE | M85: FALSE | N85: TRUE | O85: FALSE | P85: FALSE | Q85: Resource Image Resource | R85: TRUE
A86: Image | B86: FALSE | C86: https://plumplumbers.com/project/basson-house/ | D86: 200 | E86: https://plumplumbers.com/wp-content/uploads/2023/04/dimensions-tents.png | F86: 200 | H86: Content | I86: client | L86: TRUE | M86: FALSE | N86: TRUE | O86: FALSE | P86: FALSE | Q86: Resource Image Resource | R86: TRUE
A87: Image | B87: FALSE | C87: https://plumplumbers.com/project-type/remodel/ | D87: 200 | E87: https://plumplumbers.com/wp-content/uploads/2021/11/Gardens-Apartment-Plum-plumbers-8-600x403.jpg | F87: 200 | H87: Content | L87: TRUE | M87: FALSE | N87: TRUE | O87: FALSE | P87: FALSE | Q87: Resource Image Resource | R87: TRUE
A88: Image | B88: FALSE | C88: https://plumplumbers.com/project/glen-house/ | D88: 200 | E88: https://plumplumbers.com/wp-content/uploads/2023/04/the-renuvators.png | F88: 200 | H88: Content | I88: client | L88: TRUE | M88: FALSE | N88: TRUE | O88: FALSE | P88: FALSE | Q88: Resource Image Resource | R88: TRUE
A89: Image | B89: FALSE | C89: https://plumplumbers.com/about-us/ | D89: 200 | E89: https://plumplumbers.com/wp-content/uploads/2023/04/dimensions-tents.png | F89: 200 | H89: Content | I89: client | L89: TRUE | M89: FALSE | N89: TRUE | O89: FALSE | P89: FALSE | Q89: Resource Image Resource | R89: TRUE
A90: Image | B90: FALSE | C90: https://plumplumbers.com/project-type/residential/ | D90: 200 | E90: https://plumplumbers.com/wp-content/uploads/2021/11/Basson-house1-600x403.jpg | F90: 200 | H90: Content | L90: TRUE | M90: FALSE | N90: TRUE | O90: FALSE | P90: FALSE | Q90: Resource Image Resource | R90: TRUE
A91: Image | B91: FALSE | C91: https://plumplumbers.com/project/balfour-house/ | D91: 200 | E91: https://plumplumbers.com/wp-content/uploads/2023/04/the-renuvators.png | F91: 200 | H91: Content | I91: client | L91: TRUE | M91: FALSE | N91: TRUE | O91: FALSE | P91: FALSE | Q91: Resource Image Resource | R91: TRUE
A92: Image | B92: FALSE | C92: https://plumplumbers.com/plum-plumbers-projects/ | D92: 200 | E92: https://plumplumbers.com/wp-content/uploads/2023/04/logo-pp.png | F92: 200 | H92: Content | I92: Plum Plumbers | L92: TRUE | M92: FALSE | N92: TRUE | O92: FALSE | P92: FALSE | Q92: Resource Image Resource | R92: TRUE
A93: Image | B93: FALSE | C93: https://plumplumbers.com/plum-plumbers-projects/ | D93: 200 | E93: https://plumplumbers.com/wp-content/uploads/2023/04/Invermark-House-Plum-plumbers-7-717x1024.jpg | F93: 200 | H93: Content | L93: TRUE | M93: FALSE | N93: TRUE | O93: FALSE | P93: FALSE | Q93: Resource Image Resource | R93: TRUE
A94: Image | B94: FALSE | C94: https://plumplumbers.com/about-us/ | D94: 200 | E94: https://plumplumbers.com/wp-content/uploads/2023/04/open-city.png | F94: 200 | H94: Content | I94: client | L94: TRUE | M94: FALSE | N94: TRUE | O94: FALSE | P94: FALSE | Q94: Resource Image Resource | R94: TRUE
A95: Image | B95: FALSE | C95: https://plumplumbers.com/contact-us/ | D95: 200 | E95: https://plumplumbers.com/wp-content/uploads/2023/04/the-renuvators.png | F95: 200 | H95: Content | I95: client | L95: TRUE | M95: FALSE | N95: TRUE | O95: FALSE | P95: FALSE | Q95: Resource Image Resource | R95: TRUE
A96: Image | B96: FALSE | C96: https://plumplumbers.com/project/lysander-house/ | D96: 200 | E96: https://plumplumbers.com/wp-content/uploads/2023/04/logo-pp.png | F96: 200 | H96: Content | I96: Plum Plumbers | L96: TRUE | M96: FALSE | N96: TRUE | O96: FALSE | P96: FALSE | Q96: Resource Image Resource | R96: TRUE
A97: Image | B97: FALSE | C97: https://plumplumbers.com/project-type/remodel/ | D97: 200 | E97: https://plumplumbers.com/wp-content/uploads/2023/04/bootlegger.png | F97: 200 | H97: Content | I97: client | L97: TRUE | M97: FALSE | N97: TRUE | O97: FALSE | P97: FALSE | Q97: Resource Image Resource | R97: TRUE
A98: Image | B98: FALSE | C98: https://plumplumbers.com/project/basson-house/ | D98: 200 | E98: https://plumplumbers.com/wp-content/uploads/2023/04/the-renuvators.png | F98: 200 | H98: Content | I98: client | L98: TRUE | M98: FALSE | N98: TRUE | O98: FALSE | P98: FALSE | Q98: Resource Image Resource | R98: TRUE
A99: Image | B99: FALSE | C99: https://plumplumbers.com/project/balfour-house/ | D99: 200 | E99: https://plumplumbers.com/wp-content/uploads/2021/11/balfour-2-1024x801.jpg | F99: 200 | H99: Content | L99: TRUE | M99: FALSE | N99: TRUE | O99: FALSE | P99: FALSE | Q99: Resource Image Resource | R99: TRUE
A100: Image | B100: FALSE | C100: https://plumplumbers.com/project/gardens-apartment/ | D100: 200 | E100: https://plumplumbers.com/wp-content/uploads/2023/04/dimensions-tents.png | F100: 200 | H100: Content | I100: client | L100: TRUE | M100: FALSE | N100: TRUE | O100: FALSE | P100: FALSE | Q100: Resource Image Resource | R100: TRUE
...

Sheet missing alt text
A1: Link type | B1: Is nofollow | C1: Source URL | D1: Source HTTP status code | E1: Target URL | F1: Target HTTP status code | G1: Target no-crawl reason | H1: Image type | I1: Alt attribute | J1: Alt attribute patch content | K1: Alt attribute patch status | L1: Is source canonical | M1: Is source noindex | N1: Is target canonical | O1: Is target noindex | P1: Is link self-referencing | Q1: Target URL type | R1: Is source internal
A2: Image | B2: FALSE | C2: https://plumplumbers.com/contact-us/ | D2: 200 | E2: https://plumplumbers.com/wp-content/uploads/2023/04/ou-meul-bakkery.png | F2: 200 | H2: Content | I2: client | L2: TRUE | M2: FALSE | N2: TRUE | O2: FALSE | P2: FALSE | Q2: Resource Image Resource | R2: TRUE
A3: Image | B3: FALSE | C3: https://plumplumbers.com/project/thomas-house/ | D3: 200 | E3: https://plumplumbers.com/wp-content/uploads/2023/04/ou-meul-bakkery.png | F3: 200 | H3: Content | I3: client | L3: TRUE | M3: FALSE | N3: TRUE | O3: FALSE | P3: FALSE | Q3: Resource Image Resource | R3: TRUE
A4: Image | B4: FALSE | C4: https://plumplumbers.com/about-us/ | D4: 200 | E4: https://plumplumbers.com/wp-content/uploads/2023/04/the-renuvators.png | F4: 200 | H4: Content | I4: client | L4: TRUE | M4: FALSE | N4: TRUE | O4: FALSE | P4: FALSE | Q4: Resource Image Resource | R4: TRUE
A5: Image | B5: FALSE | C5: https://plumplumbers.com/about-us/ | D5: 200 | E5: https://plumplumbers.com/wp-content/uploads/2023/04/hartcon.png | F5: 200 | H5: Content | I5: client | L5: TRUE | M5: FALSE | N5: TRUE | O5: FALSE | P5: FALSE | Q5: Resource Image Resource | R5: TRUE
A6: Image | B6: FALSE | C6: https://plumplumbers.com/about-us/ | D6: 200 | E6: https://plumplumbers.com/wp-content/uploads/2023/04/firemans-arms.png | F6: 200 | H6: Content | I6: client | L6: TRUE | M6: FALSE | N6: TRUE | O6: FALSE | P6: FALSE | Q6: Resource Image Resource | R6: TRUE
A7: Image | B7: FALSE | C7: https://plumplumbers.com/plum-plumbers-projects/ | D7: 200 | E7: https://plumplumbers.com/wp-content/uploads/2023/04/glen-3-1024x704.jpg | F7: 200 | H7: Content | L7: TRUE | M7: FALSE | N7: TRUE | O7: FALSE | P7: FALSE | Q7: Resource Image Resource | R7: TRUE
A8: Image | B8: FALSE | C8: https://plumplumbers.com/project/thomas-house/ | D8: 200 | E8: https://plumplumbers.com/wp-content/uploads/2023/04/dimensions-tents.png | F8: 200 | H8: Content | I8: client | L8: TRUE | M8: FALSE | N8: TRUE | O8: FALSE | P8: FALSE | Q8: Resource Image Resource | R8: TRUE
A9: Image | B9: FALSE | C9: https://plumplumbers.com/project/basson-house/ | D9: 200 | E9: https://plumplumbers.com/wp-content/uploads/2023/04/open-city.png | F9: 200 | H9: Content | I9: client | L9: TRUE | M9: FALSE | N9: TRUE | O9: FALSE | P9: FALSE | Q9: Resource Image Resource | R9: TRUE
A10: Image | B10: FALSE | C10: https://plumplumbers.com/project/balfour-house/ | D10: 200 | E10: https://plumplumbers.com/wp-content/uploads/2023/04/firemans-arms.png | F10: 200 | H10: Content | I10: client | L10: TRUE | M10: FALSE | N10: TRUE | O10: FALSE | P10: FALSE | Q10: Resource Image Resource | R10: TRUE
A11: Image | B11: FALSE | C11: https://plumplumbers.com/project/glen-house/ | D11: 200 | E11: https://plumplumbers.com/wp-content/uploads/2023/04/open-city.png | F11: 200 | H11: Content | I11: client | L11: TRUE | M11: FALSE | N11: TRUE | O11: FALSE | P11: FALSE | Q11: Resource Image Resource | R11: TRUE
A12: Image | B12: FALSE | C12: https://plumplumbers.com/ | D12: 200 | E12: https://plumplumbers.com/wp-content/uploads/2023/04/glen-3-1024x704.jpg | F12: 200 | H12: Content | L12: TRUE | M12: FALSE | N12: TRUE | O12: FALSE | P12: FALSE | Q12: Resource Image Resource | R12: TRUE
A13: Image | B13: FALSE | C13: https://plumplumbers.com/project/basson-house/ | D13: 200 | E13: https://plumplumbers.com/wp-content/uploads/2023/04/logo-pp.png | F13: 200 | H13: Content | I13: Plum Plumbers | L13: TRUE | M13: FALSE | N13: TRUE | O13: FALSE | P13: FALSE | Q13: Resource Image Resource | R13: TRUE
A14: Image | B14: FALSE | C14: https://plumplumbers.com/project/gardens-apartment/ | D14: 200 | E14: https://plumplumbers.com/wp-content/uploads/2021/11/Gardens-Apartment-Plum-plumbers-1-1024x683.jpg | F14: 200 | H14: Content | L14: TRUE | M14: FALSE | N14: TRUE | O14: FALSE | P14: FALSE | Q14: Resource Image Resource | R14: TRUE
A15: Image | B15: FALSE | C15: https://plumplumbers.com/project/thomas-house/ | D15: 200 | E15: https://plumplumbers.com/wp-content/uploads/2023/04/firemans-arms.png | F15: 200 | H15: Content | I15: client | L15: TRUE | M15: FALSE | N15: TRUE | O15: FALSE | P15: FALSE | Q15: Resource Image Resource | R15: TRUE
A16: Image | B16: FALSE | C16: https://plumplumbers.com/project/basson-house/ | D16: 200 | E16: https://plumplumbers.com/wp-content/uploads/2023/04/hartcon.png | F16: 200 | H16: Content | I16: client | L16: TRUE | M16: FALSE | N16: TRUE | O16: FALSE | P16: FALSE | Q16: Resource Image Resource | R16: TRUE
A17: Image | B17: FALSE | C17: https://plumplumbers.com/project/balfour-house/ | D17: 200 | E17: https://plumplumbers.com/wp-content/uploads/2023/04/ou-meul-bakkery.png | F17: 200 | H17: Content | I17: client | L17: TRUE | M17: FALSE | N17: TRUE | O17: FALSE | P17: FALSE | Q17: Resource Image Resource | R17: TRUE
A18: Image | B18: FALSE | C18: https://plumplumbers.com/project/basson-house/ | D18: 200 | E18: https://plumplumbers.com/wp-content/uploads/2023/04/firemans-arms.png | F18: 200 | H18: Content | I18: client | L18: TRUE | M18: FALSE | N18: TRUE | O18: FALSE | P18: FALSE | Q18: Resource Image Resource | R18: TRUE
A19: Image | B19: FALSE | C19: https://plumplumbers.com/project/glen-house/ | D19: 200 | E19: https://plumplumbers.com/wp-content/uploads/2023/04/seef.png | F19: 200 | H19: Content | I19: client | L19: TRUE | M19: FALSE | N19: TRUE | O19: FALSE | P19: FALSE | Q19: Resource Image Resource | R19: TRUE
A20: Image | B20: FALSE | C20: https://plumplumbers.com/project/basson-house/ | D20: 200 | E20: https://plumplumbers.com/wp-content/uploads/2023/04/ou-meul-bakkery.png | F20: 200 | H20: Content | I20: client | L20: TRUE | M20: FALSE | N20: TRUE | O20: FALSE | P20: FALSE | Q20: Resource Image Resource | R20: TRUE
A21: Image | B21: FALSE | C21: https://plumplumbers.com/project-type/remodel/ | D21: 200 | E21: https://plumplumbers.com/wp-content/uploads/2023/04/hartcon.png | F21: 200 | H21: Content | I21: client | L21: TRUE | M21: FALSE | N21: TRUE | O21: FALSE | P21: FALSE | Q21: Resource Image Resource | R21: TRUE
A22: Image | B22: FALSE | C22: https://plumplumbers.com/project/basson-house/ | D22: 200 | E22: https://plumplumbers.com/wp-content/uploads/2023/04/bootlegger.png | F22: 200 | H22: Content | I22: client | L22: TRUE | M22: FALSE | N22: TRUE | O22: FALSE | P22: FALSE | Q22: Resource Image Resource | R22: TRUE
A23: Image | B23: FALSE | C23: https://plumplumbers.com/about-us/ | D23: 200 | E23: https://plumplumbers.com/wp-content/uploads/2021/11/balfour-2.jpg | F23: 200 | H23: Content | L23: TRUE | M23: FALSE | N23: TRUE | O23: FALSE | P23: FALSE | Q23: Resource Image Resource | R23: TRUE
A24: Image | B24: FALSE | C24: https://plumplumbers.com/project/invermark-house/ | D24: 200 | E24: https://plumplumbers.com/wp-content/uploads/2023/04/pp-retina.png | F24: 200 | H24: Content | I24: Plum Plumbers | L24: TRUE | M24: FALSE | N24: TRUE | O24: FALSE | P24: FALSE | Q24: Resource Image Resource | R24: TRUE
A25: Image | B25: FALSE | C25: https://plumplumbers.com/project/gardens-apartment/ | D25: 200 | E25: https://plumplumbers.com/wp-content/uploads/2023/04/hartcon.png | F25: 200 | H25: Content | I25: client | L25: TRUE | M25: FALSE | N25: TRUE | O25: FALSE | P25: FALSE | Q25: Resource Image Resource | R25: TRUE
A26: Image | B26: FALSE | C26: https://plumplumbers.com/plum-plumbers-projects/ | D26: 200 | E26: https://plumplumbers.com/wp-content/uploads/2021/11/Gardens-Apartment-Plum-plumbers-8-1024x683.jpg | F26: 200 | H26: Content | L26: TRUE | M26: FALSE | N26: TRUE | O26: FALSE | P26: FALSE | Q26: Resource Image Resource | R26: TRUE
A27: Image | B27: FALSE | C27: https://plumplumbers.com/project-type/remodel/ | D27: 200 | E27: https://plumplumbers.com/wp-content/uploads/2023/04/seef.png | F27: 200 | H27: Content | I27: client | L27: TRUE | M27: FALSE | N27: TRUE | O27: FALSE | P27: FALSE | Q27: Resource Image Resource | R27: TRUE
A28: Image | B28: FALSE | C28: https://plumplumbers.com/project/thomas-house/ | D28: 200 | E28: https://plumplumbers.com/wp-content/uploads/2023/04/TH-3-768x1024.jpg | F28: 200 | H28: Content | L28: TRUE | M28: FALSE | N28: TRUE | O28: FALSE | P28: FALSE | Q28: Resource Image Resource | R28: TRUE
A29: Image | B29: FALSE | C29: https://plumplumbers.com/project/gardens-apartment/ | D29: 200 | E29: https://plumplumbers.com/wp-content/uploads/2023/04/ou-meul-bakkery.png | F29: 200 | H29: Content | I29: client | L29: TRUE | M29: FALSE | N29: TRUE | O29: FALSE | P29: FALSE | Q29: Resource Image Resource | R29: TRUE
A30: Image | B30: FALSE | C30: https://plumplumbers.com/project/thomas-house/ | D30: 200 | E30: https://plumplumbers.com/wp-content/uploads/2023/04/hartcon.png | F30: 200 | H30: Content | I30: client | L30: TRUE | M30: FALSE | N30: TRUE | O30: FALSE | P30: FALSE | Q30: Resource Image Resource | R30: TRUE
A31: Image | B31: FALSE | C31: https://plumplumbers.com/about-us/ | D31: 200 | E31: https://plumplumbers.com/wp-content/uploads/2023/04/pp-retina.png | F31: 200 | H31: Content | I31: Plum Plumbers | L31: TRUE | M31: FALSE | N31: TRUE | O31: FALSE | P31: FALSE | Q31: Resource Image Resource | R31: TRUE
A32: Image | B32: FALSE | C32: https://plumplumbers.com/project-type/residential/ | D32: 200 | E32: https://plumplumbers.com/wp-content/uploads/2023/04/ou-meul-bakkery.png | F32: 200 | H32: Content | I32: client | L32: TRUE | M32: FALSE | N32: TRUE | O32: FALSE | P32: FALSE | Q32: Resource Image Resource | R32: TRUE
A33: Image | B33: FALSE | C33: https://plumplumbers.com/project/balfour-house/ | D33: 200 | E33: https://plumplumbers.com/wp-content/uploads/2021/11/balfour-1-1024x680.jpg | F33: 200 | H33: Content | L33: TRUE | M33: FALSE | N33: TRUE | O33: FALSE | P33: FALSE | Q33: Resource Image Resource | R33: TRUE
A34: Image | B34: FALSE | C34: https://plumplumbers.com/project-type/remodel/ | D34: 200 | E34: https://plumplumbers.com/wp-content/uploads/2023/04/Invermark-House-Plum-plumbers-7-600x403.jpg | F34: 200 | H34: Content | L34: TRUE | M34: FALSE | N34: TRUE | O34: FALSE | P34: FALSE | Q34: Resource Image Resource | R34: TRUE
A35: Image | B35: FALSE | C35: https://plumplumbers.com/contact-us/ | D35: 200 | E35: https://source.unsplash.com/featured/1000x1000/daily/?epic | G35: Ignored by settings | H35: Content | L35: TRUE | M35: FALSE | P35: FALSE | R35: TRUE
A36: Image | B36: FALSE | C36: https://plumplumbers.com/project/thomas-house/ | D36: 200 | E36: https://plumplumbers.com/wp-content/uploads/2023/04/logo-pp.png | F36: 200 | H36: Content | I36: Plum Plumbers | L36: TRUE | M36: FALSE | N36: TRUE | O36: FALSE | P36: FALSE | Q36: Resource Image Resource | R36: TRUE
A37: Image | B37: FALSE | C37: https://plumplumbers.com/project/glen-house/ | D37: 200 | E37: https://plumplumbers.com/wp-content/uploads/2023/04/ou-meul-bakkery.png | F37: 200 | H37: Content | I37: client | L37: TRUE | M37: FALSE | N37: TRUE | O37: FALSE | P37: FALSE | Q37: Resource Image Resource | R37: TRUE
A38: Image | B38: FALSE | C38: https://plumplumbers.com/about-us/ | D38: 200 | E38: https://plumplumbers.com/wp-content/uploads/2023/04/ou-meul-bakkery.png | F38: 200 | H38: Content | I38: client | L38: TRUE | M38: FALSE | N38: TRUE | O38: FALSE | P38: FALSE | Q38: Resource Image Resource | R38: TRUE
A39: Image | B39: FALSE | C39: https://plumplumbers.com/project/gardens-apartment/ | D39: 200 | E39: https://plumplumbers.com/wp-content/uploads/2021/11/Gardens-Apartment-Plum-plumbers-2-1024x683.jpg | F39: 200 | H39: Content | L39: TRUE | M39: FALSE | N39: TRUE | O39: FALSE | P39: FALSE | Q39: Resource Image Resource | R39: TRUE
A40: Image | B40: FALSE | C40: https://plumplumbers.com/project-type/residential/ | D40: 200 | E40: https://plumplumbers.com/wp-content/uploads/2021/11/balfour-6-600x403.jpg | F40: 200 | H40: Content | L40: TRUE | M40: FALSE | N40: TRUE | O40: FALSE | P40: FALSE | Q40: Resource Image Resource | R40: TRUE
A41: Image | B41: FALSE | C41: https://plumplumbers.com/project/balfour-house/ | D41: 200 | E41: https://plumplumbers.com/wp-content/uploads/2023/04/logo-pp.png | F41: 200 | H41: Content | I41: Plum Plumbers | L41: TRUE | M41: FALSE | N41: TRUE | O41: FALSE | P41: FALSE | Q41: Resource Image Resource | R41: TRUE
A42: Image | B42: FALSE | C42: https://plumplumbers.com/project/glen-house/ | D42: 200 | E42: https://plumplumbers.com/wp-content/uploads/2023/04/hartcon.png | F42: 200 | H42: Content | I42: client | L42: TRUE | M42: FALSE | N42: TRUE | O42: FALSE | P42: FALSE | Q42: Resource Image Resource | R42: TRUE
A43: Image | B43: FALSE | C43: https://plumplumbers.com/contact-us/ | D43: 200 | E43: https://plumplumbers.com/wp-content/uploads/2023/04/hartcon.png | F43: 200 | H43: Content | I43: client | L43: TRUE | M43: FALSE | N43: TRUE | O43: FALSE | P43: FALSE | Q43: Resource Image Resource | R43: TRUE
A44: Image | B44: FALSE | C44: https://plumplumbers.com/project/balfour-house/ | D44: 200 | E44: https://plumplumbers.com/wp-content/uploads/2023/04/dimensions-tents.png | F44: 200 | H44: Content | I44: client | L44: TRUE | M44: FALSE | N44: TRUE | O44: FALSE | P44: FALSE | Q44: Resource Image Resource | R44: TRUE
A45: Image | B45: FALSE | C45: https://plumplumbers.com/project/lysander-house/ | D45: 200 | E45: https://plumplumbers.com/wp-content/uploads/2023/04/ou-meul-bakkery.png | F45: 200 | H45: Content | I45: client | L45: TRUE | M45: FALSE | N45: TRUE | O45: FALSE | P45: FALSE | Q45: Resource Image Resource | R45: TRUE
A46: Image | B46: FALSE | C46: https://plumplumbers.com/plum-plumbers-projects/ | D46: 200 | E46: https://plumplumbers.com/wp-content/uploads/2023/04/lysander-9-1024x778.jpg | F46: 200 | H46: Content | L46: TRUE | M46: FALSE | N46: TRUE | O46: FALSE | P46: FALSE | Q46: Resource Image Resource | R46: TRUE
A47: Image | B47: FALSE | C47: https://plumplumbers.com/project-type/residential/ | D47: 200 | E47: https://plumplumbers.com/wp-content/uploads/2023/04/Invermark-House-Plum-plumbers-7-600x403.jpg | F47: 200 | H47: Content | L47: TRUE | M47: FALSE | N47: TRUE | O47: FALSE | P47: FALSE | Q47: Resource Image Resource | R47: TRUE
A48: Image | B48: FALSE | C48: https://plumplumbers.com/contact-us/ | D48: 200 | E48: https://plumplumbers.com/wp-content/uploads/2023/04/firemans-arms.png | F48: 200 | H48: Content | I48: client | L48: TRUE | M48: FALSE | N48: TRUE | O48: FALSE | P48: FALSE | Q48: Resource Image Resource | R48: TRUE
A49: Image | B49: FALSE | C49: https://plumplumbers.com/project/basson-house/ | D49: 200 | E49: https://plumplumbers.com/wp-content/uploads/2021/11/Basson-house2-821x1024.jpg | F49: 200 | H49: Content | L49: TRUE | M49: FALSE | N49: TRUE | O49: FALSE | P49: FALSE | Q49: Resource Image Resource | R49: TRUE
A50: Image | B50: FALSE | C50: https://plumplumbers.com/project-type/remodel/ | D50: 200 | E50: https://plumplumbers.com/wp-content/uploads/2023/04/TH-3-600x403.jpg | F50: 200 | H50: Content | L50: TRUE | M50: FALSE | N50: TRUE | O50: FALSE | P50: FALSE | Q50: Resource Image Resource | R50: TRUE
A51: Image | B51: FALSE | C51: https://plumplumbers.com/project-type/residential/ | D51: 200 | E51: https://plumplumbers.com/wp-content/uploads/2023/04/TH-3-600x403.jpg | F51: 200 | H51: Content | L51: TRUE | M51: FALSE | N51: TRUE | O51: FALSE | P51: FALSE | Q51: Resource Image Resource | R51: TRUE
A52: Image | B52: FALSE | C52: https://plumplumbers.com/contact-us/ | D52: 200 | E52: https://plumplumbers.com/wp-content/uploads/2023/04/open-city.png | F52: 200 | H52: Content | I52: client | L52: TRUE | M52: FALSE | N52: TRUE | O52: FALSE | P52: FALSE | Q52: Resource Image Resource | R52: TRUE
A53: Image | B53: FALSE | C53: https://plumplumbers.com/contact-us/ | D53: 200 | E53: https://plumplumbers.com/wp-content/uploads/2023/04/seef.png | F53: 200 | H53: Content | I53: client | L53: TRUE | M53: FALSE | N53: TRUE | O53: FALSE | P53: FALSE | Q53: Resource Image Resource | R53: TRUE
A54: Image | B54: FALSE | C54: https://plumplumbers.com/project/balfour-house/ | D54: 200 | E54: https://plumplumbers.com/wp-content/uploads/2023/04/hartcon.png | F54: 200 | H54: Content | I54: client | L54: TRUE | M54: FALSE | N54: TRUE | O54: FALSE | P54: FALSE | Q54: Resource Image Resource | R54: TRUE
A55: Image | B55: FALSE | C55: https://plumplumbers.com/ | D55: 200 | E55: https://plumplumbers.com/wp-content/uploads/2023/04/pp-retina.png | F55: 200 | H55: Content | I55: Plum Plumbers | L55: TRUE | M55: FALSE | N55: TRUE | O55: FALSE | P55: FALSE | Q55: Resource Image Resource | R55: TRUE
A56: Image | B56: FALSE | C56: https://plumplumbers.com/project/lysander-house/ | D56: 200 | E56: https://plumplumbers.com/wp-content/uploads/2023/04/dimensions-tents.png | F56: 200 | H56: Content | I56: client | L56: TRUE | M56: FALSE | N56: TRUE | O56: FALSE | P56: FALSE | Q56: Resource Image Resource | R56: TRUE
A57: Image | B57: FALSE | C57: https://plumplumbers.com/about-us/ | D57: 200 | E57: https://plumplumbers.com/wp-content/uploads/2023/04/logo-pp.png | F57: 200 | H57: Content | I57: Plum Plumbers | L57: TRUE | M57: FALSE | N57: TRUE | O57: FALSE | P57: FALSE | Q57: Resource Image Resource | R57: TRUE
A58: Image | B58: FALSE | C58: https://plumplumbers.com/project/glen-house/ | D58: 200 | E58: https://plumplumbers.com/wp-content/uploads/2023/04/dimensions-tents.png | F58: 200 | H58: Content | I58: client | L58: TRUE | M58: FALSE | N58: TRUE | O58: FALSE | P58: FALSE | Q58: Resource Image Resource | R58: TRUE
A59: Image | B59: FALSE | C59: https://plumplumbers.com/about-us/ | D59: 200 | E59: https://plumplumbers.com/wp-content/uploads/2021/11/balfour-11-300x225.jpg | F59: 200 | H59: Content | L59: TRUE | M59: FALSE | N59: TRUE | O59: FALSE | P59: FALSE | Q59: Resource Image Resource | R59: TRUE
A60: Image | B60: FALSE | C60: https://plumplumbers.com/project/basson-house/ | D60: 200 | E60: https://plumplumbers.com/wp-content/uploads/2023/04/pp-retina.png | F60: 200 | H60: Content | I60: Plum Plumbers | L60: TRUE | M60: FALSE | N60: TRUE | O60: FALSE | P60: FALSE | Q60: Resource Image Resource | R60: TRUE
A61: Image | B61: FALSE | C61: https://plumplumbers.com/project/glen-house/ | D61: 200 | E61: https://plumplumbers.com/wp-content/uploads/2023/04/bootlegger.png | F61: 200 | H61: Content | I61: client | L61: TRUE | M61: FALSE | N61: TRUE | O61: FALSE | P61: FALSE | Q61: Resource Image Resource | R61: TRUE
A62: Image | B62: FALSE | C62: https://plumplumbers.com/project-type/residential/ | D62: 200 | E62: https://plumplumbers.com/wp-content/uploads/2023/04/logo-pp.png | F62: 200 | H62: Content | I62: Plum Plumbers | L62: TRUE | M62: FALSE | N62: TRUE | O62: FALSE | P62: FALSE | Q62: Resource Image Resource | R62: TRUE
A63: Image | B63: FALSE | C63: https://plumplumbers.com/project-type/residential/ | D63: 200 | E63: https://plumplumbers.com/wp-content/uploads/2023/04/lysander-9-600x403.jpg | F63: 200 | H63: Content | L63: TRUE | M63: FALSE | N63: TRUE | O63: FALSE | P63: FALSE | Q63: Resource Image Resource | R63: TRUE
A64: Image | B64: FALSE | C64: https://plumplumbers.com/project/invermark-house/ | D64: 200 | E64: https://plumplumbers.com/wp-content/uploads/2023/04/logo-pp.png | F64: 200 | H64: Content | I64: Plum Plumbers | L64: TRUE | M64: FALSE | N64: TRUE | O64: FALSE | P64: FALSE | Q64: Resource Image Resource | R64: TRUE
A65: Image | B65: FALSE | C65: https://plumplumbers.com/about-us/ | D65: 200 | E65: https://plumplumbers.com/wp-content/uploads/2023/04/seef.png | F65: 200 | H65: Content | I65: client | L65: TRUE | M65: FALSE | N65: TRUE | O65: FALSE | P65: FALSE | Q65: Resource Image Resource | R65: TRUE
A66: Image | B66: FALSE | C66: https://plumplumbers.com/project-type/remodel/ | D66: 200 | E66: https://plumplumbers.com/wp-content/uploads/2023/04/firemans-arms.png | F66: 200 | H66: Content | I66: client | L66: TRUE | M66: FALSE | N66: TRUE | O66: FALSE | P66: FALSE | Q66: Resource Image Resource | R66: TRUE
A67: Image | B67: FALSE | C67: https://plumplumbers.com/plum-plumbers-projects/ | D67: 200 | E67: https://plumplumbers.com/wp-content/uploads/2023/04/TH-3-768x1024.jpg | F67: 200 | H67: Content | L67: TRUE | M67: FALSE | N67: TRUE | O67: FALSE | P67: FALSE | Q67: Resource Image Resource | R67: TRUE
A68: Image | B68: FALSE | C68: https://plumplumbers.com/project/balfour-house/ | D68: 200 | E68: https://plumplumbers.com/wp-content/uploads/2023/04/seef.png | F68: 200 | H68: Content | I68: client | L68: TRUE | M68: FALSE | N68: TRUE | O68: FALSE | P68: FALSE | Q68: Resource Image Resource | R68: TRUE
A69: Image | B69: FALSE | C69: https://plumplumbers.com/ | D69: 200 | E69: https://plumplumbers.com/wp-content/uploads/2023/04/balfour-bathroom-before.jpg | F69: 200 | H69: Content | L69: TRUE | M69: FALSE | N69: TRUE | O69: FALSE | P69: FALSE | Q69: Resource Image Resource | R69: TRUE
A70: Image | B70: FALSE | C70: https://plumplumbers.com/project-type/residential/ | D70: 200 | E70: https://plumplumbers.com/wp-content/uploads/2023/04/open-city.png | F70: 200 | H70: Content | I70: client | L70: TRUE | M70: FALSE | N70: TRUE | O70: FALSE | P70: FALSE | Q70: Resource Image Resource | R70: TRUE
A71: Image | B71: FALSE | C71: https://plumplumbers.com/project/gardens-apartment/ | D71: 200 | E71: https://plumplumbers.com/wp-content/uploads/2023/04/seef.png | F71: 200 | H71: Content | I71: client | L71: TRUE | M71: FALSE | N71: TRUE | O71: FALSE | P71: FALSE | Q71: Resource Image Resource | R71: TRUE
A72: Image | B72: FALSE | C72: https://plumplumbers.com/project/lysander-house/ | D72: 200 | E72: https://plumplumbers.com/wp-content/uploads/2023/04/hartcon.png | F72: 200 | H72: Content | I72: client | L72: TRUE | M72: FALSE | N72: TRUE | O72: FALSE | P72: FALSE | Q72: Resource Image Resource | R72: TRUE
A73: Image | B73: FALSE | C73: https://plumplumbers.com/project/glen-house/ | D73: 200 | E73: https://plumplumbers.com/wp-content/uploads/2023/04/glen-1-1024x644.jpg | F73: 200 | H73: Content | L73: TRUE | M73: FALSE | N73: TRUE | O73: FALSE | P73: FALSE | Q73: Resource Image Resource | R73: TRUE
A74: Image | B74: FALSE | C74: https://plumplumbers.com/ | D74: 200 | E74: https://plumplumbers.com/wp-content/uploads/2023/04/logo-pp.png | F74: 200 | H74: Content | I74: Plum Plumbers | L74: TRUE | M74: FALSE | N74: TRUE | O74: FALSE | P74: FALSE | Q74: Resource Image Resource | R74: TRUE
A75: Image | B75: FALSE | C75: https://plumplumbers.com/plum-plumbers-projects/ | D75: 200 | E75: https://plumplumbers.com/wp-content/uploads/2021/11/Basson-house1-1024x684.jpg | F75: 200 | H75: Content | L75: TRUE | M75: FALSE | N75: TRUE | O75: FALSE | P75: FALSE | Q75: Resource Image Resource | R75: TRUE
A76: Image | B76: FALSE | C76: https://plumplumbers.com/project/lysander-house/ | D76: 200 | E76: https://plumplumbers.com/wp-content/uploads/2023/04/bootlegger.png | F76: 200 | H76: Content | I76: client | L76: TRUE | M76: FALSE | N76: TRUE | O76: FALSE | P76: FALSE | Q76: Resource Image Resource | R76: TRUE
A77: Image | B77: FALSE | C77: https://plumplumbers.com/project/basson-house/ | D77: 200 | E77: https://plumplumbers.com/wp-content/uploads/2023/04/seef.png | F77: 200 | H77: Content | I77: client | L77: TRUE | M77: FALSE | N77: TRUE | O77: FALSE | P77: FALSE | Q77: Resource Image Resource | R77: TRUE
A78: Image | B78: FALSE | C78: https://plumplumbers.com/project/thomas-house/ | D78: 200 | E78: https://plumplumbers.com/wp-content/uploads/2023/04/bootlegger.png | F78: 200 | H78: Content | I78: client | L78: TRUE | M78: FALSE | N78: TRUE | O78: FALSE | P78: FALSE | Q78: Resource Image Resource | R78: TRUE
A79: Image | B79: FALSE | C79: https://plumplumbers.com/project/basson-house/ | D79: 200 | E79: https://plumplumbers.com/wp-content/uploads/2021/11/Basson-house1-1024x684.jpg | F79: 200 | H79: Content | L79: TRUE | M79: FALSE | N79: TRUE | O79: FALSE | P79: FALSE | Q79: Resource Image Resource | R79: TRUE
A80: Image | B80: FALSE | C80: https://plumplumbers.com/project/thomas-house/ | D80: 200 | E80: https://plumplumbers.com/wp-content/uploads/2023/04/seef.png | F80: 200 | H80: Content | I80: client | L80: TRUE | M80: FALSE | N80: TRUE | O80: FALSE | P80: FALSE | Q80: Resource Image Resource | R80: TRUE
A81: Image | B81: FALSE | C81: https://plumplumbers.com/plum-plumbers-projects/ | D81: 200 | E81: https://plumplumbers.com/wp-content/uploads/2023/04/pp-retina.png | F81: 200 | H81: Content | I81: Plum Plumbers | L81: TRUE | M81: FALSE | N81: TRUE | O81: FALSE | P81: FALSE | Q81: Resource Image Resource | R81: TRUE
A82: Image | B82: FALSE | C82: https://plumplumbers.com/project-type/remodel/ | D82: 200 | E82: https://plumplumbers.com/wp-content/uploads/2023/04/the-renuvators.png | F82: 200 | H82: Content | I82: client | L82: TRUE | M82: FALSE | N82: TRUE | O82: FALSE | P82: FALSE | Q82: Resource Image Resource | R82: TRUE
A83: Image | B83: FALSE | C83: https://plumplumbers.com/contact-us/ | D83: 200 | E83: https://plumplumbers.com/wp-content/uploads/2023/04/bootlegger.png | F83: 200 | H83: Content | I83: client | L83: TRUE | M83: FALSE | N83: TRUE | O83: FALSE | P83: FALSE | Q83: Resource Image Resource | R83: TRUE
A84: Image | B84: FALSE | C84: https://plumplumbers.com/project-type/residential/ | D84: 200 | E84: https://plumplumbers.com/wp-content/uploads/2023/04/hartcon.png | F84: 200 | H84: Content | I84: client | L84: TRUE | M84: FALSE | N84: TRUE | O84: FALSE | P84: FALSE | Q84: Resource Image Resource | R84: TRUE
A85: Image | B85: FALSE | C85: https://plumplumbers.com/project/gardens-apartment/ | D85: 200 | E85: https://plumplumbers.com/wp-content/uploads/2023/04/pp-retina.png | F85: 200 | H85: Content | I85: Plum Plumbers | L85: TRUE | M85: FALSE | N85: TRUE | O85: FALSE | P85: FALSE | Q85: Resource Image Resource | R85: TRUE
A86: Image | B86: FALSE | C86: https://plumplumbers.com/project/basson-house/ | D86: 200 | E86: https://plumplumbers.com/wp-content/uploads/2023/04/dimensions-tents.png | F86: 200 | H86: Content | I86: client | L86: TRUE | M86: FALSE | N86: TRUE | O86: FALSE | P86: FALSE | Q86: Resource Image Resource | R86: TRUE
A87: Image | B87: FALSE | C87: https://plumplumbers.com/project-type/remodel/ | D87: 200 | E87: https://plumplumbers.com/wp-content/uploads/2021/11/Gardens-Apartment-Plum-plumbers-8-600x403.jpg | F87: 200 | H87: Content | L87: TRUE | M87: FALSE | N87: TRUE | O87: FALSE | P87: FALSE | Q87: Resource Image Resource | R87: TRUE
A88: Image | B88: FALSE | C88: https://plumplumbers.com/project/glen-house/ | D88: 200 | E88: https://plumplumbers.com/wp-content/uploads/2023/04/the-renuvators.png | F88: 200 | H88: Content | I88: client | L88: TRUE | M88: FALSE | N88: TRUE | O88: FALSE | P88: FALSE | Q88: Resource Image Resource | R88: TRUE
A89: Image | B89: FALSE | C89: https://plumplumbers.com/about-us/ | D89: 200 | E89: https://plumplumbers.com/wp-content/uploads/2023/04/dimensions-tents.png | F89: 200 | H89: Content | I89: client | L89: TRUE | M89: FALSE | N89: TRUE | O89: FALSE | P89: FALSE | Q89: Resource Image Resource | R89: TRUE
A90: Image | B90: FALSE | C90: https://plumplumbers.com/project-type/residential/ | D90: 200 | E90: https://plumplumbers.com/wp-content/uploads/2021/11/Basson-house1-600x403.jpg | F90: 200 | H90: Content | L90: TRUE | M90: FALSE | N90: TRUE | O90: FALSE | P90: FALSE | Q90: Resource Image Resource | R90: TRUE
A91: Image | B91: FALSE | C91: https://plumplumbers.com/project/balfour-house/ | D91: 200 | E91: https://plumplumbers.com/wp-content/uploads/2023/04/the-renuvators.png | F91: 200 | H91: Content | I91: client | L91: TRUE | M91: FALSE | N91: TRUE | O91: FALSE | P91: FALSE | Q91: Resource Image Resource | R91: TRUE
A92: Image | B92: FALSE | C92: https://plumplumbers.com/plum-plumbers-projects/ | D92: 200 | E92: https://plumplumbers.com/wp-content/uploads/2023/04/logo-pp.png | F92: 200 | H92: Content | I92: Plum Plumbers | L92: TRUE | M92: FALSE | N92: TRUE | O92: FALSE | P92: FALSE | Q92: Resource Image Resource | R92: TRUE
A93: Image | B93: FALSE | C93: https://plumplumbers.com/plum-plumbers-projects/ | D93: 200 | E93: https://plumplumbers.com/wp-content/uploads/2023/04/Invermark-House-Plum-plumbers-7-717x1024.jpg | F93: 200 | H93: Content | L93: TRUE | M93: FALSE | N93: TRUE | O93: FALSE | P93: FALSE | Q93: Resource Image Resource | R93: TRUE
A94: Image | B94: FALSE | C94: https://plumplumbers.com/about-us/ | D94: 200 | E94: https://plumplumbers.com/wp-content/uploads/2023/04/open-city.png | F94: 200 | H94: Content | I94: client | L94: TRUE | M94: FALSE | N94: TRUE | O94: FALSE | P94: FALSE | Q94: Resource Image Resource | R94: TRUE
A95: Image | B95: FALSE | C95: https://plumplumbers.com/contact-us/ | D95: 200 | E95: https://plumplumbers.com/wp-content/uploads/2023/04/the-renuvators.png | F95: 200 | H95: Content | I95: client | L95: TRUE | M95: FALSE | N95: TRUE | O95: FALSE | P95: FALSE | Q95: Resource Image Resource | R95: TRUE
A96: Image | B96: FALSE | C96: https://plumplumbers.com/project/lysander-house/ | D96: 200 | E96: https://plumplumbers.com/wp-content/uploads/2023/04/logo-pp.png | F96: 200 | H96: Content | I96: Plum Plumbers | L96: TRUE | M96: FALSE | N96: TRUE | O96: FALSE | P96: FALSE | Q96: Resource Image Resource | R96: TRUE
A97: Image | B97: FALSE | C97: https://plumplumbers.com/project-type/remodel/ | D97: 200 | E97: https://plumplumbers.com/wp-content/uploads/2023/04/bootlegger.png | F97: 200 | H97: Content | I97: client | L97: TRUE | M97: FALSE | N97: TRUE | O97: FALSE | P97: FALSE | Q97: Resource Image Resource | R97: TRUE
A98: Image | B98: FALSE | C98: https://plumplumbers.com/project/basson-house/ | D98: 200 | E98: https://plumplumbers.com/wp-content/uploads/2023/04/the-renuvators.png | F98: 200 | H98: Content | I98: client | L98: TRUE | M98: FALSE | N98: TRUE | O98: FALSE | P98: FALSE | Q98: Resource Image Resource | R98: TRUE
A99: Image | B99: FALSE | C99: https://plumplumbers.com/project/balfour-house/ | D99: 200 | E99: https://plumplumbers.com/wp-content/uploads/2021/11/balfour-2-1024x801.jpg | F99: 200 | H99: Content | L99: TRUE | M99: FALSE | N99: TRUE | O99: FALSE | P99: FALSE | Q99: Resource Image Resource | R99: TRUE
A100: Image | B100: FALSE | C100: https://plumplumbers.com/project/gardens-apartment/ | D100: 200 | E100: https://plumplumbers.com/wp-content/uploads/2023/04/dimensions-tents.png | F100: 200 | H100: Content | I100: client | L100: TRUE | M100: FALSE | N100: TRUE | O100: FALSE | P100: FALSE | Q100: Resource Image Resource | R100: TRUE
...

Sheet unique images
A1: unique images | B1: used count
A2: {=UNIQUE(images!E2:E145)} -> https://plumplumbers.com/wp-content/uploads/2023/04/ou-meul-bakkery.png | B2: =COUNTIF(images!E2:E145,A2) -> 10
A3: https://plumplumbers.com/wp-content/uploads/2023/04/the-renuvators.png | B3: =COUNTIF(images!E3:E146,A3) -> 10
A4: https://plumplumbers.com/wp-content/uploads/2023/04/hartcon.png | B4: =COUNTIF(images!E4:E147,A4) -> 10
A5: https://plumplumbers.com/wp-content/uploads/2023/04/firemans-arms.png | B5: =COUNTIF(images!E5:E148,A5) -> 10
A6: https://plumplumbers.com/wp-content/uploads/2023/04/glen-3-1024x704.jpg | B6: =COUNTIF(images!E6:E149,A6) -> 2
A7: https://plumplumbers.com/wp-content/uploads/2023/04/dimensions-tents.png | B7: =COUNTIF(images!E7:E150,A7) -> 10
A8: https://plumplumbers.com/wp-content/uploads/2023/04/open-city.png | B8: =COUNTIF(images!E8:E151,A8) -> 10
A9: https://plumplumbers.com/wp-content/uploads/2023/04/logo-pp.png | B9: =COUNTIF(images!E9:E152,A9) -> 13
A10: https://plumplumbers.com/wp-content/uploads/2021/11/Gardens-Apartment-Plum-plumbers-1-1024x683.jpg | B10: =COUNTIF(images!E10:E153,A10) -> 1
A11: https://plumplumbers.com/wp-content/uploads/2023/04/seef.png | B11: =COUNTIF(images!E11:E154,A11) -> 10
A12: https://plumplumbers.com/wp-content/uploads/2023/04/bootlegger.png | B12: =COUNTIF(images!E12:E155,A12) -> 10
A13: https://plumplumbers.com/wp-content/uploads/2021/11/balfour-2.jpg | B13: =COUNTIF(images!E13:E156,A13) -> 1
A14: https://plumplumbers.com/wp-content/uploads/2023/04/pp-retina.png | B14: =COUNTIF(images!E14:E157,A14) -> 10
... A45: https://plumplumbers.com/wp-content/uploads/2023/04/jason2.jpeg | B45: =COUNTIF(images!E45:E188,A45) -> 1

Sheet unique alt text
A1: unique alt text | B1: used count
A2: {=UNIQUE(images!I2:I145)} -> client | B2: =COUNTIF(images!I2:I145,A2) -> 80
B3: =COUNTIF(images!I3:I146,A3) -> 0
A4: Plum Plumbers | B4: =COUNTIF(images!I4:I147,A4) -> 23
